[
  {
    "Type": "NewEffects",
    "X": -1.0,
    "Y": 270.0,
    "Scale": 1.0,
    "HorizontalFacing": "Left",
    "VerticalFacing": "Up"
  },
  {
    "Type": "Scoreboard",
    "X": 148.0,
    "Y": 249.0,
    "Scale": 1.0,
    "HorizontalFacing": "Right",
    "VerticalFacing": "Middle",
    "Text-R": 255,
    "Text-G": 255,
    "Text-B": 255,
    "Background-R": 255,
    "Background-G": 255,
    "Background-B": 255,
    "Background-Alpha": 6,
    "Rect": false,
    "Rect-Color": "Custom",
    "Rect-R": 0,
    "Rect-G": 111,
    "Rect-B": 255,
    "Rect-Alpha": 255,
    "Shadow": false,
    "Font": {
      "fontName": "Minecraft Font",
      "fontSize": -1
    }
  },
  {
    "Type": "Notifications",
    "X": -1.0,
    "Y": 9.0,
    "Scale": 1.0,
    "HorizontalFacing": "Right",
    "VerticalFacing": "Down"
  },
  {
    "Type": "NewTargets",
    "X": 90.0,
    "Y": 59.0,
    "Scale": 0.84999996,
    "HorizontalFacing": "Middle",
    "VerticalFacing": "Middle",
    "Mode": "Rise",
    "SwitchMode": "Slide",
    "AnimSpeed": 14,
    "SwitchAnimSpeed": 20,
    "Font": {
      "fontName": "Roboto Medium",
      "fontSize": 30
    }
  },
  {
    "Type": "Arraylist",
    "X": -479.0,
    "Y": 248.0,
    "Scale": 1.0,
    "HorizontalFacing": "Middle",
    "VerticalFacing": "Middle",
    "BRainbowSpeed": 90,
    "BRainbow-Saturation": 1.0,
    "BRainbow-Brightness": 1.0,
    "BRainbow-R": 0,
    "BRainbow-B": 2,
    "BRainbow-G": 50,
    "OutLineRectWidth": 3,
    "NameBreak": true,
    "Animation": "Slide",
    "RainbowOffset": 16,
    "RainbowSpeed": 0.6,
    "AstolfoRainbowOffset": 5,
    "AstolfoRainbowIndex": 109,
    "AnimationSpeed": 0.08,
    "Rainbow-X": -1000.0,
    "Rainbow-Y": -1000.0,
    "Text-Color": "Astolfo",
    "Rect-Color": "Rainbow2",
    "Rect-R": 255,
    "Rect-G": 255,
    "Rect-B": 255,
    "Rect-Alpha": 255,
    "Random-Saturation": 0.9,
    "Random-Brightness": 1.0,
    "Tags": true,
    "ShadowText": true,
    "ShadowTextMode": "New",
    "Background-Color": "Custom",
    "Background-R": 255,
    "Background-G": 0,
    "Background-B": 0,
    "Background-Alpha": 0,
    "Rect": "None",
    "UpperCase": false,
    "Space": 0.0,
    "TextHeight": 11.0,
    "TextY": 1.0,
    "TagsArrayColor": false,
    "Font": {
      "fontName": "Roboto BoldItalic",
      "fontSize": 35
    },
    "LeftRectWidth": 1
  },
  {
    "Type": "Armor",
    "X": 83.0,
    "Y": 11.0,
    "Scale": 0.9,
    "HorizontalFacing": "Middle",
    "VerticalFacing": "Down",
    "Text-Color": "Custom",
    "Brightness": 1.0,
    "Text-R": 255,
    "Text-G": 255,
    "Text-B": 255,
    "Saturation": 0.9,
    "AllSpeed": 0
  },
  {
    "Type": "Text2",
    "X": 1.0,
    "Y": 4.0,
    "Scale": 1.5999994,
    "HorizontalFacing": "Left",
    "VerticalFacing": "Up",
    "DisplayText": "NMSL",
    "Line": false,
    "Gradient-Amount": 25,
    "SkeetRect": false,
    "Background": false,
    "Background-Red": 0,
    "Background-Green": 0,
    "Background-Blue": 0,
    "Background-Alpha": 120,
    "Animation": true,
    "AnimationDelay": 1.0,
    "Rainbow": "Fade",
    "Red": 255,
    "Green": 255,
    "Blue": 255,
    "RainbowSpeed": 10,
    "RainbowSaturation": 0.5,
    "FadeDistance": 50,
    "Rainbow-X": -1000.0,
    "Rainbow-Y": -1000.0,
    "Shadow": true,
    "Font": {
      "fontName": "Roboto icon",
      "fontSize": 42
    }
  }
]
