[
  {
    "Type": "Scoreboard",
    "X": 5.0,
    "Y": 0.0,
    "Scale": 1.0,
    "HorizontalFacing": "Right",
    "VerticalFacing": "Middle",
    "UseVanillaBackground": false,
    "Background-R": 0,
    "Background-G": 0,
    "Background-B": 0,
    "Background-Alpha": 95,
    "Rect": false,
    "Rect-Height": 1,
    "Blur": false,
    "Blur-Strength": 0.0,
    "Shadow": false,
    "Shadow-Strength": 0.0,
    "Shadow-Color": "Background",
    "Shadow-Red": 0,
    "Shadow-Green": 111,
    "Shadow-Blue": 255,
    "Rounded": false,
    "Rounded-Strength": 5.0,
    "Color": "Custom",
    "Red": 0,
    "Green": 111,
    "Blue": 255,
    "Alpha": 255,
    "Saturation": 0.9,
    "Brightness": 1.0,
    "Seconds": 2,
    "Delay": 50,
    "AntiSnipeMatch": true,
    "ChangeDomain": false,
    "ShowRedNumbers": false,
    "Font": {
      "fontName": "Minecraft Font",
      "fontSize": -1
    },
    "DomainFont": {
      "fontName": "Minecraft Font",
      "fontSize": -1
    },
    "Domain-TextY": 0.0,
    "Domain-Shadow": "None",
    "OutlineWidth": 0.5
  },
  {
    "Type": "Armor",
    "X": -8.0,
    "Y": 57.0,
    "Scale": 1.0,
    "HorizontalFacing": "Middle",
    "VerticalFacing": "Down",
    "Mode": "LiquidBounce",
    "Alignment": "Horizontal"
  },
  {
    "Type": "Effects",
    "X": 2.0,
    "Y": 10.0,
    "Scale": 1.0,
    "HorizontalFacing": "Right",
    "VerticalFacing": "Down",
    "New": false,
    "Font": {
      "fontName": "Roboto Medium",
      "fontSize": 35
    },
    "Shadow": true
  },
  {
    "Type": "Effects",
    "X": 2.0,
    "Y": 10.0,
    "Scale": 1.0,
    "HorizontalFacing": "Right",
    "VerticalFacing": "Down",
    "New": false,
    "Font": {
      "fontName": "Roboto Medium",
      "fontSize": 35
    },
    "Shadow": true
  },
  {
    "Type": "Notifications",
    "X": -1.0,
    "Y": 14.0,
    "Scale": 1.0,
    "HorizontalFacing": "Right",
    "VerticalFacing": "Down",
    "Style": "Material",
    "Bar": true,
    "Background-Alpha": 120,
    "Blur": false,
    "Strength": 0.0,
    "H-Animation": "LiquidBounce",
    "V-Animation": "Smooth",
    "Speed": 0.5
  },
  {
    "Type": "Arraylist",
    "X": 0.0,
    "Y": 2.0,
    "Scale": 1.0,
    "HorizontalFacing": "Right",
    "VerticalFacing": "Up",
    "Color": "Mixer",
    "Blur": false,
    "Blur-Strength": 0.0,
    "Shadow": true,
    "Shadow-NoCut": false,
    "Shadow-Strength": 1,
    "Shadow-Color": "Background",
    "Shadow-Red": 0,
    "Shadow-Green": 111,
    "Shadow-Blue": 255,
    "Red": 0,
    "Green": 111,
    "Blue": 255,
    "Alpha": 255,
    "Saturation": 0.9,
    "Brightness": 1.0,
    "Sky-Distance": 2,
    "CRainbow-Seconds": 2,
    "CRainbow-Distance": 2,
    "Mixer-Seconds": 2,
    "Mixer-Distance": 2,
    "LiquidSlowly-Distance": 90,
    "Fade-Distance": 50,
    "HorizontalAnimation": "Default",
    "VerticalAnimation": "None",
    "Animation-Speed": 0.25,
    "NameBreak": true,
    "Alphabetical-Order": false,
    "Tags": false,
    "TagsStyle": "|",
    "ShadowText": true,
    "Background-R": 0,
    "Background-G": 0,
    "Background-B": 0,
    "Background-Alpha": 0,
    "Rect-Right": "Left",
    "Rect-Left": "None",
    "Case": "Upper",
    "Space": 0.0,
    "TextHeight": 11.0,
    "TextY": 1.0,
    "TagsArrayColor": false,
    "Font": {
      "fontName": "Roboto Medium",
      "fontSize": 40
    }
  },
  {
    "Type": "Text",
    "X": 22.0,
    "Y": 17.0,
    "Scale": 1.0,
    "HorizontalFacing": "Left",
    "VerticalFacing": "Up",
    "DisplayText": "NMSL",
    "Background": true,
    "SkeetRect": false,
    "Line": false,
    "Blur": false,
    "BlurStrength": 1.0,
    "Red": 255,
    "Green": 255,
    "Blue": 255,
    "Alpha": 255,
    "Background-Red": 0,
    "Background-Green": 0,
    "Background-Blue": 0,
    "Background-Alpha": 0,
    "Rainbow": "Off",
    "Saturation": 0.9,
    "Brightness": 1.0,
    "Seconds": 1,
    "Line-Distance": 0,
    "Gradient-Amount": 25,
    "Shadow": true,
    "Font": {
      "fontName": "Roboto Medium",
      "fontSize": 72
    }
  },
  {
    "Type": "Scoreboard",
    "X": 5.0,
    "Y": 0.0,
    "Scale": 1.0,
    "HorizontalFacing": "Right",
    "VerticalFacing": "Middle",
    "UseVanillaBackground": false,
    "Background-R": 0,
    "Background-G": 0,
    "Background-B": 0,
    "Background-Alpha": 95,
    "Rect": false,
    "Rect-Height": 1,
    "Blur": false,
    "Blur-Strength": 0.0,
    "Shadow": false,
    "Shadow-Strength": 0.0,
    "Shadow-Color": "Background",
    "Shadow-Red": 0,
    "Shadow-Green": 111,
    "Shadow-Blue": 255,
    "Rounded": false,
    "Rounded-Strength": 5.0,
    "Color": "Custom",
    "Red": 0,
    "Green": 111,
    "Blue": 255,
    "Alpha": 255,
    "Saturation": 0.9,
    "Brightness": 1.0,
    "Seconds": 2,
    "Delay": 50,
    "AntiSnipeMatch": true,
    "ChangeDomain": false,
    "ShowRedNumbers": false,
    "Font": {
      "fontName": "Minecraft Font",
      "fontSize": -1
    },
    "DomainFont": {
      "fontName": "Minecraft Font",
      "fontSize": -1
    },
    "Domain-TextY": 0.0,
    "Domain-Shadow": "None",
    "OutlineWidth": 0.5
  },
  {
    "Type": "Target",
    "X": 496.0,
    "Y": 231.0,
    "Scale": 1.0,
    "HorizontalFacing": "Left",
    "VerticalFacing": "Up",
    "Style": "Rice",
    "Blur": true,
    "Blur-Strength": 1.0,
    "Shadow": true,
    "Shadow-Strength": 1.0,
    "Shadow-Color": "Background",
    "Shadow-Red": 0,
    "Shadow-Green": 111,
    "Shadow-Blue": 255,
    "FadeAnim": false,
    "Fade-Speed": 1.0,
    "No-Animation": false,
    "Global-AnimSpeed": 3.0,
    "Show-ChatOpen": true,
    "ResetBarWhenHiding": false,
    "Color": "Rainbow",
    "Red": 252,
    "Green": 96,
    "Blue": 66,
    "Saturation": 1.0,
    "Brightness": 1.0,
    "Seconds": 2,
    "Background-Red": 0,
    "Background-Green": 0,
    "Background-Blue": 0,
    "Background-Alpha": 160,
    "HurtTimeAnim": true,
    "Border-Color": "MatchBar",
    "Border-Width": 3.0,
    "Border-Red": 0,
    "Border-Green": 0,
    "Border-Blue": 0,
    "Border-Alpha": 0,
    "Chill-FontSpeed": 0.5,
    "Chill-RoundedBar": true,
    "GradientLoop": 4,
    "GradientDistance": 50,
    "GradientRoundedBar": true,
    "Rice-Particle": true,
    "Rice-ParticleSpin": true,
    "GenerateAmount": 10,
    "Circle-Particles": "Solid",
    "Rect-Particles": "Outline",
    "Triangle-Particles": "Outline",
    "Rice-ParticleSpeed": 0.05,
    "Rice-ParticleFade": true,
    "ParticleFadingSpeed": 0.05,
    "Rice-ParticleRange": 50.0,
    "MinParticleSize": 0.5,
    "MaxParticleSize": 2.5
  }
]
