{
  "AbortBreaking": {
    "State": false,
    "KeyBind": 0,
    "Array": true
  },
  "Aimbot": {
    "State": true,
    "KeyBind": 0,
    "Array": true
  },
  "AirJump": {
    "State": false,
    "KeyBind": 0,
    "Array": true
  },
  "AirLadder": {
    "State": false,
    "KeyBind": 0,
    "Array": true
  },
  "Ambience": {
    "State": true,
    "KeyBind": 0,
    "Array": true
  },
  "AntiAFK": {
    "State": false,
    "KeyBind": 0,
    "Array": true
  },
  "AntiBlind": {
    "State": false,
    "KeyBind": 0,
    "Array": true
  },
  "AntiBot": {
    "State": false,
    "KeyBind": 0,
    "Array": true
  },
  "AntiCactus": {
    "State": false,
    "KeyBind": 0,
    "Array": true
  },
  "AntiFireBall": {
    "State": false,
    "KeyBind": 0,
    "Array": true
  },
  "AntiHunger": {
    "State": false,
    "KeyBind": 0,
    "Array": true
  },
  "AntiVoid": {
    "State": false,
    "KeyBind": 0,
    "Array": true
  },
  "AsianHat": {
    "State": false,
    "KeyBind": 0,
    "Array": true
  },
  "AtAllProvider": {
    "State": false,
    "KeyBind": 0,
    "Array": true
  },
  "AttackEffects": {
    "State": false,
    "KeyBind": 0,
    "Array": true
  },
  "AutoArmor": {
    "State": false,
    "KeyBind": 0,
    "Array": true
  },
  "AutoBow": {
    "State": false,
    "KeyBind": 0,
    "Array": true
  },
  "AutoBreak": {
    "State": false,
    "KeyBind": 0,
    "Array": true
  },
  "AutoClicker": {
    "State": true,
    "KeyBind": 0,
    "Array": true
  },
  "AutoHead": {
    "State": false,
    "KeyBind": 0,
    "Array": true
  },
  "AutoL": {
    "State": false,
    "KeyBind": 0,
    "Array": true
  },
  "AutoLeave": {
    "State": false,
    "KeyBind": 0,
    "Array": true
  },
  "AutoLobby": {
    "State": false,
    "KeyBind": 0,
    "Array": true
  },
  "AutoPlay": {
    "State": false,
    "KeyBind": 0,
    "Array": true
  },
  "AutoPot": {
    "State": false,
    "KeyBind": 0,
    "Array": true
  },
  "AutoRespawn": {
    "State": false,
    "KeyBind": 0,
    "Array": true
  },
  "AutoSoup": {
    "State": false,
    "KeyBind": 0,
    "Array": true
  },
  "AutoTool": {
    "State": true,
    "KeyBind": 0,
    "Array": true
  },
  "AutoWalk": {
    "State": false,
    "KeyBind": 0,
    "Array": true
  },
  "AutoWeapon": {
    "State": true,
    "KeyBind": 0,
    "Array": true
  },
  "BedGodMode": {
    "State": false,
    "KeyBind": 0,
    "Array": true
  },
  "BetterFPS": {
    "State": true,
    "KeyBind": 0,
    "Array": true
  },
  "Blink": {
    "State": false,
    "KeyBind": 45,
    "Array": true
  },
  "BlockESP": {
    "State": true,
    "KeyBind": 0,
    "Array": true
  },
  "BlockOverlay": {
    "State": false,
    "KeyBind": 0,
    "Array": true
  },
  "BlockWalk": {
    "State": false,
    "KeyBind": 0,
    "Array": true
  },
  "BoatJump": {
    "State": false,
    "KeyBind": 0,
    "Array": true
  },
  "BowAimbot": {
    "State": false,
    "KeyBind": 0,
    "Array": true
  },
  "BowJump": {
    "State": false,
    "KeyBind": 0,
    "Array": true
  },
  "Breadcrumbs": {
    "State": false,
    "KeyBind": 0,
    "Array": true
  },
  "BufferSpeed": {
    "State": false,
    "KeyBind": 0,
    "Array": true
  },
  "CameraClip": {
    "State": false,
    "KeyBind": 0,
    "Array": true
  },
  "Cape": {
    "State": true,
    "KeyBind": 0,
    "Array": true
  },
  "Chams": {
    "State": true,
    "KeyBind": 0,
    "Array": true
  },
  "ChestAura": {
    "State": false,
    "KeyBind": 0,
    "Array": true
  },
  "ChestStealer": {
    "State": false,
    "KeyBind": 21,
    "Array": true
  },
  "CivBreak": {
    "State": false,
    "KeyBind": 0,
    "Array": true
  },
  "ClickGUI": {
    "State": false,
    "KeyBind": 54,
    "Array": true
  },
  "Clip": {
    "State": false,
    "KeyBind": 0,
    "Array": true
  },
  "ComponentOnHover": {
    "State": false,
    "KeyBind": 0,
    "Array": true
  },
  "ConsoleSpammer": {
    "State": false,
    "KeyBind": 0,
    "Array": true
  },
  "Criticals": {
    "State": true,
    "KeyBind": 0,
    "Array": true
  },
  "CustomBhop": {
    "State": false,
    "KeyBind": 0,
    "Array": true
  },
  "DMGParticle": {
    "State": false,
    "KeyBind": 0,
    "Array": true
  },
  "Damage": {
    "State": false,
    "KeyBind": 0,
    "Array": true
  },
  "Disabler": {
    "State": false,
    "KeyBind": 0,
    "Array": true
  },
  "Disabler2": {
    "State": false,
    "KeyBind": 0,
    "Array": true
  },
  "ESP": {
    "State": false,
    "KeyBind": 0,
    "Array": true
  },
  "Eagle": {
    "State": false,
    "KeyBind": 33,
    "Array": true
  },
  "EnchantEffect": {
    "State": false,
    "KeyBind": 0,
    "Array": true
  },
  "FastBow": {
    "State": false,
    "KeyBind": 0,
    "Array": true
  },
  "FastBreak": {
    "State": false,
    "KeyBind": 0,
    "Array": true
  },
  "FastClimb": {
    "State": false,
    "KeyBind": 0,
    "Array": true
  },
  "FastPlace": {
    "State": false,
    "KeyBind": 0,
    "Array": true
  },
  "FastStairs": {
    "State": false,
    "KeyBind": 0,
    "Array": true
  },
  "FastUse": {
    "State": false,
    "KeyBind": 0,
    "Array": true
  },
  "Fly": {
    "State": false,
    "KeyBind": 0,
    "Array": true
  },
  "ForceUnicodeChat": {
    "State": false,
    "KeyBind": 0,
    "Array": true
  },
  "FreeCam": {
    "State": false,
    "KeyBind": 0,
    "Array": true
  },
  "Freeze": {
    "State": false,
    "KeyBind": 0,
    "Array": true
  },
  "Fucker": {
    "State": false,
    "KeyBind": 0,
    "Array": true
  },
  "Fullbright": {
    "State": true,
    "KeyBind": 0,
    "Array": true
  },
  "Ghost": {
    "State": false,
    "KeyBind": 0,
    "Array": true
  },
  "GhostHand": {
    "State": false,
    "KeyBind": 0,
    "Array": true
  },
  "Gident": {
    "State": false,
    "KeyBind": 0,
    "Array": true
  },
  "GodMode": {
    "State": false,
    "KeyBind": 0,
    "Array": true
  },
  "HUD": {
    "State": false,
    "KeyBind": 0,
    "Array": false
  },
  "HighJump": {
    "State": false,
    "KeyBind": 0,
    "Array": true
  },
  "HitBox": {
    "State": false,
    "KeyBind": 0,
    "Array": true
  },
  "HytGetName": {
    "State": true,
    "KeyBind": 0,
    "Array": true
  },
  "IceSpeed": {
    "State": false,
    "KeyBind": 0,
    "Array": true
  },
  "Ignite": {
    "State": false,
    "KeyBind": 0,
    "Array": true
  },
  "InvCleaner": {
    "State": false,
    "KeyBind": 21,
    "Array": true
  },
  "InvMove": {
    "State": true,
    "KeyBind": 0,
    "Array": true
  },
  "ItemESP": {
    "State": true,
    "KeyBind": 0,
    "Array": true
  },
  "ItemTeleport": {
    "State": false,
    "KeyBind": 0,
    "Array": true
  },
  "KeepAlive": {
    "State": false,
    "KeyBind": 0,
    "Array": true
  },
  "KeepContainer": {
    "State": false,
    "KeyBind": 49,
    "Array": true
  },
  "KeepSprint": {
    "State": false,
    "KeyBind": 0,
    "Array": true
  },
  "Kick": {
    "State": false,
    "KeyBind": 0,
    "Array": true
  },
  "KillAura": {
    "State": false,
    "KeyBind": 19,
    "Array": true
  },
  "LadderJump": {
    "State": false,
    "KeyBind": 0,
    "Array": true
  },
  "LiquidChat": {
    "State": false,
    "KeyBind": 0,
    "Array": false
  },
  "LiquidWalk": {
    "State": false,
    "KeyBind": 36,
    "Array": true
  },
  "Liquids": {
    "State": false,
    "KeyBind": 0,
    "Array": true
  },
  "LongJump": {
    "State": false,
    "KeyBind": 0,
    "Array": true
  },
  "MemoryFix": {
    "State": false,
    "KeyBind": 0,
    "Array": true
  },
  "MidClick": {
    "State": false,
    "KeyBind": 0,
    "Array": true
  },
  "MoreCarry": {
    "State": false,
    "KeyBind": 0,
    "Array": true
  },
  "MotionBlur": {
    "State": false,
    "KeyBind": 0,
    "Array": true
  },
  "MultiActions": {
    "State": false,
    "KeyBind": 0,
    "Array": true
  },
  "NameProtect": {
    "State": false,
    "KeyBind": 0,
    "Array": true
  },
  "NameTags": {
    "State": true,
    "KeyBind": 0,
    "Array": true
  },
  "NoBob": {
    "State": true,
    "KeyBind": 0,
    "Array": true
  },
  "NoClip": {
    "State": false,
    "KeyBind": 0,
    "Array": true
  },
  "NoFOV": {
    "State": false,
    "KeyBind": 0,
    "Array": true
  },
  "NoFall": {
    "State": true,
    "KeyBind": 0,
    "Array": true
  },
  "NoFriends": {
    "State": false,
    "KeyBind": 0,
    "Array": true
  },
  "NoFucker": {
    "State": false,
    "KeyBind": 0,
    "Array": true
  },
  "NoHurtCam": {
    "State": true,
    "KeyBind": 0,
    "Array": true
  },
  "NoJumpDelay": {
    "State": false,
    "KeyBind": 0,
    "Array": true
  },
  "NoPitchLimit": {
    "State": false,
    "KeyBind": 0,
    "Array": true
  },
  "NoRotateSet": {
    "State": false,
    "KeyBind": 0,
    "Array": true
  },
  "NoScoreboard": {
    "State": false,
    "KeyBind": 0,
    "Array": true
  },
  "NoSlow": {
    "State": false,
    "KeyBind": 0,
    "Array": true
  },
  "NoSlowBreak": {
    "State": true,
    "KeyBind": 0,
    "Array": true
  },
  "NoSwing": {
    "State": false,
    "KeyBind": 0,
    "Array": true
  },
  "NoWeb": {
    "State": false,
    "KeyBind": 0,
    "Array": true
  },
  "Nuker": {
    "State": false,
    "KeyBind": 0,
    "Array": true
  },
  "OldHitting": {
    "State": true,
    "KeyBind": 0,
    "Array": true
  },
  "PacketFixer": {
    "State": false,
    "KeyBind": 0,
    "Array": true
  },
  "Parkour": {
    "State": false,
    "KeyBind": 0,
    "Array": true
  },
  "Pendant": {
    "State": false,
    "KeyBind": 0,
    "Array": true
  },
  "PerfectHorseJump": {
    "State": false,
    "KeyBind": 0,
    "Array": true
  },
  "Phase": {
    "State": false,
    "KeyBind": 0,
    "Array": true
  },
  "PlayerEdit": {
    "State": false,
    "KeyBind": 0,
    "Array": true
  },
  "PlayerHealthSend": {
    "State": false,
    "KeyBind": 0,
    "Array": true
  },
  "Plugins": {
    "State": false,
    "KeyBind": 0,
    "Array": true
  },
  "PortalMenu": {
    "State": false,
    "KeyBind": 0,
    "Array": true
  },
  "Projectiles": {
    "State": true,
    "KeyBind": 0,
    "Array": true
  },
  "ProphuntESP": {
    "State": false,
    "KeyBind": 0,
    "Array": true
  },
  "Rainbow": {
    "State": false,
    "KeyBind": 0,
    "Array": true
  },
  "Reach": {
    "State": true,
    "KeyBind": 0,
    "Array": true
  },
  "Regen": {
    "State": false,
    "KeyBind": 0,
    "Array": true
  },
  "ResourcePackSpoof": {
    "State": false,
    "KeyBind": 0,
    "Array": true
  },
  "ReverseStep": {
    "State": false,
    "KeyBind": 0,
    "Array": true
  },
  "Rotations": {
    "State": false,
    "KeyBind": 0,
    "Array": true
  },
  "SafeWalk": {
    "State": false,
    "KeyBind": 0,
    "Array": true
  },
  "Scaffold": {
    "State": false,
    "KeyBind": 0,
    "Array": true
  },
  "ServerCrasher": {
    "State": false,
    "KeyBind": 0,
    "Array": true
  },
  "SlimeJump": {
    "State": false,
    "KeyBind": 0,
    "Array": true
  },
  "Sneak": {
    "State": false,
    "KeyBind": 0,
    "Array": true
  },
  "Spammer": {
    "State": false,
    "KeyBind": 25,
    "Array": true
  },
  "Speed": {
    "State": false,
    "KeyBind": 0,
    "Array": true
  },
  "SpeedMine": {
    "State": false,
    "KeyBind": 0,
    "Array": true
  },
  "Spider": {
    "State": false,
    "KeyBind": 0,
    "Array": true
  },
  "Sprint": {
    "State": true,
    "KeyBind": 0,
    "Array": true
  },
  "Step": {
    "State": false,
    "KeyBind": 0,
    "Array": true
  },
  "StorageESP": {
    "State": false,
    "KeyBind": 0,
    "Array": true
  },
  "Strafe": {
    "State": false,
    "KeyBind": 0,
    "Array": true
  },
  "SuperKnockback": {
    "State": false,
    "KeyBind": 0,
    "Array": true
  },
  "TNTBlock": {
    "State": false,
    "KeyBind": 0,
    "Array": true
  },
  "TNTESP": {
    "State": false,
    "KeyBind": 0,
    "Array": true
  },
  "TargetStrafe": {
    "State": false,
    "KeyBind": 0,
    "Array": true
  },
  "Teams": {
    "State": true,
    "KeyBind": 0,
    "Array": true
  },
  "Teleport": {
    "State": false,
    "KeyBind": 0,
    "Array": true
  },
  "TeleportHit": {
    "State": false,
    "KeyBind": 0,
    "Array": true
  },
  "Timer": {
    "State": false,
    "KeyBind": 0,
    "Array": true
  },
  "Title": {
    "State": true,
    "KeyBind": 0,
    "Array": true
  },
  "Tower": {
    "State": false,
    "KeyBind": 0,
    "Array": true
  },
  "Tracers": {
    "State": false,
    "KeyBind": 0,
    "Array": true
  },
  "Trail": {
    "State": false,
    "KeyBind": 0,
    "Array": true
  },
  "Trigger": {
    "State": false,
    "KeyBind": 0,
    "Array": true
  },
  "TrueSight": {
    "State": false,
    "KeyBind": 0,
    "Array": true
  },
  "Velocity": {
    "State": false,
    "KeyBind": 0,
    "Array": true
  },
  "WallClimb": {
    "State": false,
    "KeyBind": 0,
    "Array": true
  },
  "WaterSpeed": {
    "State": false,
    "KeyBind": 0,
    "Array": true
  },
  "WorldAnim": {
    "State": false,
    "KeyBind": 0,
    "Array": true
  },
  "XRay": {
    "State": false,
    "KeyBind": 0,
    "Array": true
  },
  "Zoot": {
    "State": false,
    "KeyBind": 0,
    "Array": true
  }
}
