[
  {
    "Type": "Armor",
    "X": -8.0,
    "Y": 57.0,
    "Scale": 1.0,
    "HorizontalFacing": "Middle",
    "VerticalFacing": "Down",
    "Alignment": "Horizontal"
  },
  {
    "Type": "TargetHud",
    "X": 517.0,
    "Y": 229.0,
    "Scale": 1.0,
    "HorizontalFacing": "Left",
    "VerticalFacing": "Up",
    "Style": "LiquidBounce",
    "Shadow": true,
    "Blur ": true,
    "CFont": false,
    "Outline": false,
    "HP-FadeSpeed": 2.0,
    "FadeSpeed": 2.0
  },
  {
    "Type": "Scoreboard",
    "X": 68.0,
    "Y": 46.0,
    "Scale": 1.0,
    "HorizontalFacing": "Right",
    "VerticalFacing": "Middle",
    "Text-R": 255,
    "Text-G": 255,
    "Text-B": 255,
    "Background-R": 255,
    "Background-G": 255,
    "Background-B": 255,
    "Background-Alpha": 0,
    "Blur": false,
    "Rect": false,
    "Rect-Color": "Custom",
    "Rect-R": 233,
    "Rect-G": 255,
    "Rect-B": 255,
    "Rect-Alpha": 255,
    "Shadow": true,
    "ServerIp": "ClientName",
    "NoPoints": true,
    "Font": {
      "fontName": "Minecraft Font",
      "fontSize": -1
    }
  },
  {
    "Type": "Text2",
    "X": 12.0,
    "Y": 9.0,
    "Scale": 1.2499998,
    "HorizontalFacing": "Left",
    "VerticalFacing": "Up",
    "DisplayText": "NMSL",
    "Red": 255,
    "Green": 255,
    "Blue": 255,
    "Alpha": 180,
    "Color": "Custom",
    "Shadow": true,
    "RectRed": 0,
    "RectGreen": 0,
    "RectBlue": 0,
    "RectAlpha": 255,
    "RectColor": "Custom",
    "Rect": "None",
    "RectExpand": 0.3,
    "RainbowSpeed": 10,
    "RainbowIndex": 1,
    "Font": {
      "fontName": "SFUI Regular",
      "fontSize": 120
    }
  },
  {
    "Type": "Notifications",
    "X": 1.0,
    "Y": 27.0,
    "Scale": 1.0,
    "HorizontalFacing": "Right",
    "VerticalFacing": "Down",
    "Font": {
      "fontName": "CasanovaScotia35",
      "fontSize": 35
    },
    "Blur": false
  },
  {
    "Type": "Arraylist",
    "X": 1.0,
    "Y": 3.0,
    "Scale": 1.0,
    "HorizontalFacing": "Right",
    "VerticalFacing": "Up",
    "Color": "Sky",
    "Blur": true,
    "Blur-Strength": 13.295454,
    "ShadowText": true,
    "Shadow": true,
    "Shadow-NoCut": false,
    "Shadow-Strength": 13,
    "Shadow-Color": "Text",
    "Shadow-Red": 255,
    "Shadow-Green": 255,
    "Shadow-Blue": 255,
    "Red": 255,
    "Green": 0,
    "Blue": 255,
    "R2": 0,
    "G2": 111,
    "B2": 255,
    "GidentSpeed": 1000,
    "Alpha": 255,
    "Gradinet-Offset": 0.2,
    "Gradinet-Speed": 2.0,
    "Gradinet-Red": 0,
    "Gradinet-Green": 0,
    "Gradinet-Blue": 255,
    "Gradinet-Red-2": 25,
    "Gradinet-Green-2": 45,
    "Gradinet-Blue-2": 150,
    "Saturation": 0.9,
    "Brightness": 1.0,
    "Sky-Distance": 2,
    "CRainbow-Seconds": 2,
    "CRainbow-Distance": 2,
    "LiquidSlowly-Distance": 90,
    "Fade-Distance": 50,
    "HorizontalAnimation": "None",
    "VerticalAnimation": "None",
    "Animation-Speed": 0.25,
    "NameBreak": true,
    "Alphabetical-Order": false,
    "Tags": true,
    "TagsStyle": "-",
    "Background-R": 0,
    "Background-G": 0,
    "Background-B": 0,
    "Background-Alpha": 0,
    "Rect-Right": "None",
    "Rect-Left": "None",
    "Case": "None",
    "Space": 0.0,
    "TextHeight": 11.0,
    "TextY": 1.0,
    "TagsArrayColor": false,
    "Font": {
      "fontName": "Roboto Medium",
      "fontSize": 40
    }
  }
]
