{
  "Combat": {
    "open": true,
    "visible": true,
    "posX": 552,
    "posY": 23,
    "Aimbot": {
      "Settings": false
    },
    "AntiFireBall": {
      "Settings": true
    },
    "AutoArmor": {
      "Settings": false
    },
    "AutoBow": {
      "Settings": false
    },
    "AutoClicker": {
      "Settings": false
    },
    "AutoHead": {
      "Settings": false
    },
    "AutoL": {
      "Settings": false
    },
    "AutoLeave": {
      "Settings": false
    },
    "AutoPot": {
      "Settings": false
    },
    "AutoSoup": {
      "Settings": false
    },
    "AutoWeapon": {
      "Settings": false
    },
    "BowAimbot": {
      "Settings": false
    },
    "Criticals": {
      "Settings": false
    },
    "FastBow": {
      "Settings": false
    },
    "HitBox": {
      "Settings": false
    },
    "Ignite": {
      "Settings": false
    },
    "KillAura": {
      "Settings": true
    },
    "NoFriends": {
      "Settings": false
    },
    "SuperKnockback": {
      "Settings": false
    },
    "TNTBlock": {
      "Settings": false
    },
    "TeleportHit": {
      "Settings": false
    },
    "Trigger": {
      "Settings": false
    },
    "Velocity": {
      "Settings": false
    }
  },
  "Player": {
    "open": true,
    "visible": true,
    "posX": 1037,
    "posY": 233,
    "AntiAFK": {
      "Settings": false
    },
    "AntiCactus": {
      "Settings": false
    },
    "AutoPlay": {
      "Settings": false
    },
    "AutoRespawn": {
      "Settings": false
    },
    "AutoTool": {
      "Settings": false
    },
    "Blink": {
      "Settings": false
    },
    "Eagle": {
      "Settings": false
    },
    "FastUse": {
      "Settings": false
    },
    "InvCleaner": {
      "Settings": false
    },
    "KeepAlive": {
      "Settings": false
    },
    "NoFall": {
      "Settings": false
    },
    "PlayerEdit": {
      "Settings": false
    },
    "Reach": {
      "Settings": false
    },
    "Regen": {
      "Settings": false
    },
    "Zoot": {
      "Settings": false
    }
  },
  "Movement": {
    "open": true,
    "visible": true,
    "posX": 882,
    "posY": 155,
    "AirJump": {
      "Settings": false
    },
    "AirLadder": {
      "Settings": false
    },
    "AntiVoid": {
      "Settings": false
    },
    "AutoWalk": {
      "Settings": false
    },
    "BlockWalk": {
      "Settings": false
    },
    "BoatJump": {
      "Settings": false
    },
    "BowJump": {
      "Settings": false
    },
    "BufferSpeed": {
      "Settings": false
    },
    "CustomBhop": {
      "Settings": false
    },
    "FastClimb": {
      "Settings": false
    },
    "FastStairs": {
      "Settings": false
    },
    "Fly": {
      "Settings": false
    },
    "Freeze": {
      "Settings": false
    },
    "HighJump": {
      "Settings": false
    },
    "IceSpeed": {
      "Settings": true
    },
    "InvMove": {
      "Settings": false
    },
    "KeepSprint": {
      "Settings": false
    },
    "LadderJump": {
      "Settings": false
    },
    "LiquidWalk": {
      "Settings": false
    },
    "LongJump": {
      "Settings": false
    },
    "NoClip": {
      "Settings": false
    },
    "NoJumpDelay": {
      "Settings": false
    },
    "NoSlow": {
      "Settings": true
    },
    "NoWeb": {
      "Settings": false
    },
    "Parkour": {
      "Settings": false
    },
    "PerfectHorseJump": {
      "Settings": false
    },
    "ReverseStep": {
      "Settings": false
    },
    "SafeWalk": {
      "Settings": false
    },
    "SlimeJump": {
      "Settings": false
    },
    "Sneak": {
      "Settings": false
    },
    "Speed": {
      "Settings": false
    },
    "Spider": {
      "Settings": false
    },
    "Sprint": {
      "Settings": true
    },
    "Step": {
      "Settings": false
    },
    "Strafe": {
      "Settings": false
    },
    "TargetStrafe": {
      "Settings": false
    },
    "WallClimb": {
      "Settings": false
    },
    "WaterSpeed": {
      "Settings": false
    }
  },
  "Render": {
    "open": true,
    "visible": true,
    "posX": 436,
    "posY": 216,
    "AntiBlind": {
      "Settings": false
    },
    "AsianHat": {
      "Settings": false
    },
    "AttackEffects": {
      "Settings": false
    },
    "BlockESP": {
      "Settings": false
    },
    "BlockOverlay": {
      "Settings": false
    },
    "Breadcrumbs": {
      "Settings": false
    },
    "CameraClip": {
      "Settings": false
    },
    "Cape": {
      "Settings": true
    },
    "Chams": {
      "Settings": false
    },
    "ClickGUI": {
      "Settings": false
    },
    "DMGParticle": {
      "Settings": true
    },
    "ESP": {
      "Settings": false
    },
    "EnchantEffect": {
      "Settings": true
    },
    "FreeCam": {
      "Settings": false
    },
    "Fullbright": {
      "Settings": false
    },
    "HUD": {
      "Settings": false
    },
    "ItemESP": {
      "Settings": false
    },
    "MotionBlur": {
      "Settings": false
    },
    "NameTags": {
      "Settings": false
    },
    "NoBob": {
      "Settings": false
    },
    "NoFOV": {
      "Settings": false
    },
    "NoHurtCam": {
      "Settings": false
    },
    "NoScoreboard": {
      "Settings": false
    },
    "NoSwing": {
      "Settings": false
    },
    "OldHitting": {
      "Settings": true
    },
    "Pendant": {
      "Settings": false
    },
    "PlayerHealthSend": {
      "Settings": false
    },
    "Projectiles": {
      "Settings": false
    },
    "ProphuntESP": {
      "Settings": false
    },
    "Rotations": {
      "Settings": true
    },
    "StorageESP": {
      "Settings": true
    },
    "TNTESP": {
      "Settings": false
    },
    "Tracers": {
      "Settings": false
    },
    "Trail": {
      "Settings": false
    },
    "TrueSight": {
      "Settings": false
    },
    "WorldAnim": {
      "Settings": false
    },
    "XRay": {
      "Settings": false
    }
  },
  "World": {
    "open": true,
    "visible": true,
    "posX": 145,
    "posY": 34,
    "Ambience": {
      "Settings": false
    },
    "AutoBreak": {
      "Settings": false
    },
    "BetterFPS": {
      "Settings": false
    },
    "ChestAura": {
      "Settings": false
    },
    "ChestStealer": {
      "Settings": false
    },
    "CivBreak": {
      "Settings": false
    },
    "FastBreak": {
      "Settings": false
    },
    "FastPlace": {
      "Settings": false
    },
    "Fucker": {
      "Settings": false
    },
    "Liquids": {
      "Settings": false
    },
    "NoSlowBreak": {
      "Settings": false
    },
    "Nuker": {
      "Settings": false
    },
    "Scaffold": {
      "Settings": false
    },
    "SpeedMine": {
      "Settings": false
    },
    "Timer": {
      "Settings": true
    },
    "Tower": {
      "Settings": false
    }
  },
  "Misc": {
    "open": true,
    "visible": true,
    "posX": 40,
    "posY": 328,
    "AntiBot": {
      "Settings": false
    },
    "AtAllProvider": {
      "Settings": false
    },
    "AutoLobby": {
      "Settings": false
    },
    "ComponentOnHover": {
      "Settings": false
    },
    "HytGetName": {
      "Settings": false
    },
    "LiquidChat": {
      "Settings": false
    },
    "MemoryFix": {
      "Settings": false
    },
    "MidClick": {
      "Settings": false
    },
    "NameProtect": {
      "Settings": false
    },
    "NoFucker": {
      "Settings": false
    },
    "NoRotateSet": {
      "Settings": false
    },
    "ResourcePackSpoof": {
      "Settings": false
    },
    "Spammer": {
      "Settings": false
    },
    "Teams": {
      "Settings": false
    },
    "Title": {
      "Settings": false
    }
  },
  "Exploit": {
    "open": true,
    "visible": true,
    "posX": 300,
    "posY": 362,
    "AbortBreaking": {
      "Settings": false
    },
    "AntiHunger": {
      "Settings": false
    },
    "BedGodMode": {
      "Settings": false
    },
    "Clip": {
      "Settings": false
    },
    "ConsoleSpammer": {
      "Settings": false
    },
    "Damage": {
      "Settings": false
    },
    "Disabler": {
      "Settings": false
    },
    "Disabler2": {
      "Settings": false
    },
    "ForceUnicodeChat": {
      "Settings": false
    },
    "Ghost": {
      "Settings": false
    },
    "GhostHand": {
      "Settings": false
    },
    "GodMode": {
      "Settings": false
    },
    "ItemTeleport": {
      "Settings": false
    },
    "KeepContainer": {
      "Settings": false
    },
    "Kick": {
      "Settings": false
    },
    "MoreCarry": {
      "Settings": false
    },
    "MultiActions": {
      "Settings": false
    },
    "NoPitchLimit": {
      "Settings": false
    },
    "PacketFixer": {
      "Settings": false
    },
    "Phase": {
      "Settings": false
    },
    "Plugins": {
      "Settings": false
    },
    "PortalMenu": {
      "Settings": false
    },
    "ServerCrasher": {
      "Settings": false
    },
    "Teleport": {
      "Settings": false
    }
  },
  "Color": {
    "open": true,
    "visible": true,
    "posX": 255,
    "posY": 206,
    "Gident": {
      "Settings": true
    },
    "Rainbow": {
      "Settings": false
    }
  },
  "Targets": {
    "open": true,
    "visible": true,
    "posX": 100,
    "posY": 185
  }
}
